{"User":[{"full_name":"haha","user_Email":"123@gamil.com","user_phone":"ưqeqư","user_text":"eqưeq"},{"full_name":"yan","user_Email":"yan@yahoo.com","user_phone":"1234567890","user_text":"abc"},{"full_name":"yan","user_Email":"yan@yahoo.com","user_phone":"1234567890","user_text":"abc"},{"full_name":"yan","user_Email":"yan@yahoo.com","user_phone":"1234567890","user_text":"abc"},{"full_name":"yan","user_Email":"yan@yahoo.com","user_phone":"1234567890","user_text":"abc"},{"full_name":"yan","user_Email":"yan@yahoo.com","user_phone":"1234567890","user_text":"abc"},{"full_name":"yan","user_Email":"yan@yahoo.com","user_phone":"1234567890","user_text":"abc"},{"full_name":"Bao","user_Email":"bao@yahoo.com","user_phone":"121223","user_text":"231231"},{"full_name":"tho","user_Email":"tho@gmail.com","user_phone":"121223","user_text":"fsdà"},{"full_name":"tho","user_Email":"tho@gmail.com","user_phone":"121223","user_text":"fsdà"},{"full_name":"yan","user_Email":"yantest@yahoo.com","user_phone":"1234567890","user_text":"sdá"},{"full_name":"yan","user_Email":"yantest@yahoo.com","user_phone":"1234567890","user_text":"sdá"},{"full_name":"123","user_Email":"123@gamil.com","user_phone":"1234567890","user_text":"123"},{"full_name":"123","user_Email":"123@gamil.com","user_phone":"1234567890","user_text":"123"},{"full_name":"ANh","user_Email":"anh@gmil.com","user_phone":"1234567890","user_text":"1213"}]}