{"User":[{"first_name":"123","last_name":"123","id":"1"},{"first_name":"yan","last_name":"1212","id":"2"},{"first_name":"bao","last_name":"bao","id":"3"},{"first_name":"Abc","last_name":"BDF","id":"4"},{"first_name":"Abc","last_name":"BDF","id":"4"},{"first_name":"mot ai do","last_name":"la ai","id":"6"},{"first_name":"mot ai do","last_name":"la ai 2","id":"7"},{"first_name":"test","last_name":"tes1","id":"8"},{"first_name":"test","last_name":"tes1","id":"9"},{"first_name":"test","last_name":"tes1","id":"10"},{"first_name":"Người nào đó","last_name":"ak lala","id":"11"},{"first_name":"test many time","last_name":"123","id":"5"},{"first_name":"test many time","last_name":"123","id":"5"}]}