{"User":[{"full_name":"Yanp","user_Email":"yan@yahoo.com","user_phone":"0123456798","user_text":"123"},{"full_name":"Bao","user_Email":"bao@yahoo.com","user_phone":"123456789","user_text":"abc"},{"full_name":"test1","user_Email":"test1@gamil.com","user_phone":"1234","user_text":"sda"},{"full_name":"test1","user_Email":"test1@gamil.com","user_phone":"1234","user_text":"sda"},{"full_name":"test","user_Email":"yan@yahoo.com","user_phone":"1234","user_text":"123fsdadsa"},{"full_name":"123","user_Email":"123@gamil.com","user_phone":"1322","user_text":"3213"}]}