{"User":[{"full_name":"yan","user_Email":"123@gmail.com","user_phone":"12345678","user_text":"dasdas"},{"full_name":"baobao","user_Email":"baobao@gmail.com","user_phone":"12345678","user_text":"test input"},{"full_name":"abc","user_Email":"123@gmail.com","user_phone":"3423","user_text":"sdsa"},{"full_name":"abc","user_Email":"123@gmail.com","user_phone":"3423","user_text":"sdsa"},{"full_name":"dasd","user_Email":"dasd@gmail.com","user_phone":"dasdas","user_text":"dasd"},{"full_name":"test","user_Email":"dasd@gmail.com","user_phone":"das","user_text":""},{"full_name":"test","user_Email":"dasd@gmail.com","user_phone":"das","user_text":""},{"full_name":"test2","user_Email":"dasd@gmail.com","user_phone":"das","user_text":""},{"full_name":"1213","user_Email":"123@gmail.com","user_phone":"sadas","user_text":"dasda"}]}