{"User":[{"full_name":"yan","user_Email":"yan@123.com","user_phone":"12345678","user_text":"","user_id":1},{"full_name":"bao","user_Email":"baobao@gmail.com","user_phone":"12345678","user_text":"","user_id":2},{"full_name":"test","user_Email":"test@gmail.com","user_phone":"123","user_text":"","user_id":3},{"full_name":"test2","user_Email":"test@gmail.com2","user_phone":"12345678","user_text":"","user_id":4},{"full_name":"abc","user_Email":"abc@gmail.com","user_phone":"12345678","user_text":"","user_id":5},{"full_name":"Some one","user_Email":"someOne@gmail.com","user_phone":"12345678","user_text":"","user_id":6}]}