{"User":[{"full_name":"haha","user_Email":"123@gamil.com","user_phone":"ưqeqư","user_text":"eqưeq"},{"full_name":"yan","user_Email":"yan@yahoo.com","user_phone":"1234567890","user_text":"abc"},{"full_name":"yan","user_Email":"yan@yahoo.com","user_phone":"1234567890","user_text":"abc"},{"full_name":"yan","user_Email":"yan@yahoo.com","user_phone":"1234567890","user_text":"abc"},{"full_name":"yan","user_Email":"yan@yahoo.com","user_phone":"1234567890","user_text":"abc"},{"full_name":"yan","user_Email":"yan@yahoo.com","user_phone":"1234567890","user_text":"abc"},{"full_name":"yan","user_Email":"yan@yahoo.com","user_phone":"1234567890","user_text":"abc"}]}